"Market Name","Date","Sales","Sales YoY%","Dollar Volume","Dollar Volume YoY%","Average Price","Median Price","Active Listings EOM","Months Inventory"
"Houston-Pasadena-The Woodlands","2025-12-01","7581","0.03850","3187401698","0.02540","420446","330000","33731","4.55"
"Houston-Pasadena-The Woodlands","2025-11-01","6301","-0.03450","2658472030","-0.02900","421912","325000","36650","4.96"
"Houston-Pasadena-The Woodlands","2025-10-01","7471","0.02500","3133153343","0.01240","419375","329995","38213","5.15"
"Houston-Pasadena-The Woodlands","2025-09-01","7427","0.05440","3119654503","0.06920","420042","325290","38259","5.17"
"Houston-Pasadena-The Woodlands","2025-08-01","7966","0.08620","3361232787","0.09300","421947","335000","39188","5.32"
"Houston-Pasadena-The Woodlands","2025-07-01","8291","0.07750","3589300121","0.05860","432915","338288","39884","5.45"
"Houston-Pasadena-The Woodlands","2025-06-01","8508","0.09720","3826884407","0.14400","449798","345000","38472","5.3"
"Houston-Pasadena-The Woodlands","2025-05-01","8951","0.03680","3911484217","0.02660","436988","336388","37221","5.17"
"Houston-Pasadena-The Woodlands","2025-04-01","7885","-0.01950","3444161567","-0.01970","436799","338000","34756","4.84"
"Houston-Pasadena-The Woodlands","2025-03-01","7389","0.00110","3165705229","0.04130","428434","336000","32547","4.53"
"Houston-Pasadena-The Woodlands","2025-02-01","6100","-0.03530","2491339529","-0.01140","408416","325000","30749","4.28"
"Houston-Pasadena-The Woodlands","2025-01-01","5142","0.00840","2092853243","0.05360","407011","325000","29775","4.13"
"Houston-Pasadena-The Woodlands","2024-12-01","7300","0.16480","3108463487","0.22580","425816","334990","28431","3.95"
"Houston-Pasadena-The Woodlands","2024-11-01","6526","0.03700","2737879077","0.07770","419534","329000","30574","4.3"
"Houston-Pasadena-The Woodlands","2024-10-01","7289","0.12760","3094862686","0.18870","424593","335000","30771","4.34"
"Houston-Pasadena-The Woodlands","2024-09-01","7044","-0.00010","2917849401","0.00570","414231","335000","30184","4.3"
"Houston-Pasadena-The Woodlands","2024-08-01","7334","-0.10570","3075181630","-0.09850","419304","335995","30306","4.31"
"Houston-Pasadena-The Woodlands","2024-07-01","7695","-0.00630","3390607006","0.03710","440624","350000","28998","4.09"
"Houston-Pasadena-The Woodlands","2024-06-01","7754","-0.13680","3345087274","-0.12260","431401","346528","29368","4.14"
"Houston-Pasadena-The Woodlands","2024-05-01","8633","-0.02330","3810311984","0.01530","441365","343995","27783","3.86"
"Houston-Pasadena-The Woodlands","2024-04-01","8042","0.07770","3513227526","0.12570","436859","340000","25592","3.54"
"Houston-Pasadena-The Woodlands","2024-03-01","7381","-0.08670","3040189300","-0.07830","411893","329995","24183","3.37"
"Houston-Pasadena-The Woodlands","2024-02-01","6323","0.06360","2520189059","0.10780","398574","329350","23294","3.22"
"Houston-Pasadena-The Woodlands","2024-01-01","5099","0.08840","1986411192","0.12230","389568","320000","22705","3.15"
"Houston-Pasadena-The Woodlands","2023-12-01","6267","-0.05250","2535962267","-0.05050","404653","329000","22649","3.16"
"Houston-Pasadena-The Woodlands","2023-11-01","6293","0.05080","2540523371","0.06410","403706","325000","24362","3.39"
"Houston-Pasadena-The Woodlands","2023-10-01","6464","-0.05570","2603625146","-0.04670","402788","327087","24177","3.37"
"Houston-Pasadena-The Woodlands","2023-09-01","7045","-0.11150","2901412170","-0.10630","411839","330000","23612","3.28"
"Houston-Pasadena-The Woodlands","2023-08-01","8201","-0.04230","3411274040","-0.01700","415958","335400","22603","3.11"
"Houston-Pasadena-The Woodlands","2023-07-01","7744","-0.08740","3269217314","-0.08450","422161","340000","21733","2.97"
"Houston-Pasadena-The Woodlands","2023-06-01","8983","-0.11600","3812648513","-0.12750","424429","340000","21158","2.87"
"Houston-Pasadena-The Woodlands","2023-05-01","8839","-0.12110","3753004984","-0.13910","424596","338000","19209","2.57"
"Houston-Pasadena-The Woodlands","2023-04-01","7462","-0.20410","3120983594","-0.21030","418250","330390","18815","2.49"
"Houston-Pasadena-The Woodlands","2023-03-01","8082","-0.20230","3298617366","-0.19560","408143","325000","19123","2.47"
"Houston-Pasadena-The Woodlands","2023-02-01","5945","-0.23490","2274922612","-0.25410","382661","318000","19055","2.41"
"Houston-Pasadena-The Woodlands","2023-01-01","4685","-0.30450","1770017260","-0.29750","377805","310000","19916","2.47"
"Houston-Pasadena-The Woodlands","2022-12-01","6614","-0.33370","2670703637","-0.30340","403795","330000","20669","2.51"
"Houston-Pasadena-The Woodlands","2022-11-01","5989","-0.31640","2387411844","-0.28160","398632","330000","22463","2.64"
"Houston-Pasadena-The Woodlands","2022-10-01","6845","-0.23550","2731211009","-0.18280","399008","328000","22799","2.61"
"Houston-Pasadena-The Woodlands","2022-09-01","7929","-0.17530","3246652470","-0.08470","409465","339745","22279","2.5"
"Houston-Pasadena-The Woodlands","2022-08-01","8563","-0.17610","3470368421","-0.11120","405274","339000","21069","2.33"
"Houston-Pasadena-The Woodlands","2022-07-01","8486","-0.19900","3570771346","-0.12050","420783","345000","20926","2.28"
"Houston-Pasadena-The Woodlands","2022-06-01","10162","-0.08790","4369613895","0.00640","429995","350050","17478","1.86"
"Houston-Pasadena-The Woodlands","2022-05-01","10057","-0.01510","4359524773","0.11730","433481","350000","13513","1.43"
"Houston-Pasadena-The Woodlands","2022-04-01","9376","-0.05570","3952102313","0.08490","421512","340000","12051","1.27"
"Houston-Pasadena-The Woodlands","2022-03-01","10131","0.03500","4100612260","0.14730","404758","330000","10767","1.13"
"Houston-Pasadena-The Woodlands","2022-02-01","7770","0.23730","3050044056","0.40190","392541","325000","10800","1.14"
"Houston-Pasadena-The Woodlands","2022-01-01","6736","0.07020","2519427210","0.24210","374024","307090","11677","1.25"
"Houston-Pasadena-The Woodlands","2021-12-01","9927","-0.01470","3833682679","0.10620","386187","315985","12663","1.36"
"Houston-Pasadena-The Woodlands","2021-11-01","8761","0.05170","3323348675","0.18280","379334","310000","14205","1.52"
"Houston-Pasadena-The Woodlands","2021-10-01","8954","-0.05630","3341975344","0.06240","373238","304000","15583","1.68"
"Houston-Pasadena-The Woodlands","2021-09-01","9614","0.02110","3547070107","0.15720","368948","300000","16080","1.72"
"Houston-Pasadena-The Woodlands","2021-08-01","10393","0.09980","3904512569","0.25150","375686","305000","16398","1.76"
"Houston-Pasadena-The Woodlands","2021-07-01","10594","-0.04890","4060021088","0.08450","383237","305650","16212","1.75"
"Houston-Pasadena-The Woodlands","2021-06-01","11141","0.15620","4341784575","0.41610","389712","310000","13773","1.48"
"Houston-Pasadena-The Woodlands","2021-05-01","10211","0.51860","3901753932","0.94830","382112","300000","12229","1.33"
"Houston-Pasadena-The Woodlands","2021-04-01","9929","0.56980","3642913916","0.86130","366896","293000","12252","1.38"
"Houston-Pasadena-The Woodlands","2021-03-01","9788","0.25920","3574064173","0.49290","365147","287750","12202","1.42"
"Houston-Pasadena-The Woodlands","2021-02-01","6280","0.00460","2175672556","0.15890","346444","274582","13550","1.61"
"Houston-Pasadena-The Woodlands","2021-01-01","6294","0.26900","2028416739","0.41790","322277","260000","15297","1.82"
"Houston-Pasadena-The Woodlands","2020-12-01","10075","0.25230","3465559675","0.38340","343976","270300","16010","1.93"
"Houston-Pasadena-The Woodlands","2020-11-01","8330","0.25240","2809821739","0.42100","337313","269000","17802","2.19"
"Houston-Pasadena-The Woodlands","2020-10-01","9488","0.27270","3145566247","0.41540","331531","265000","19105","2.39"
"Houston-Pasadena-The Woodlands","2020-09-01","9415","0.28010","3065267496","0.40170","325572","260000","19504","2.49"
"Houston-Pasadena-The Woodlands","2020-08-01","9450","0.04790","3119866536","0.12200","330144","265000","20410","2.67"
"Houston-Pasadena-The Woodlands","2020-07-01","11139","0.19480","3743718462","0.30290","336091","270000","22035","2.9"
"Houston-Pasadena-The Woodlands","2020-06-01","9636","0.11480","3065976946","0.10820","318179","260990","22561","3.02"
"Houston-Pasadena-The Woodlands","2020-05-01","6724","-0.27170","2002658983","-0.31910","297837","249000","24734","3.35"
"Houston-Pasadena-The Woodlands","2020-04-01","6325","-0.21560","1957183793","-0.21180","309436","250935","26097","3.44"
"Houston-Pasadena-The Woodlands","2020-03-01","7773","0.05400","2394073531","0.09420","307998","249100","25912","3.35"
"Houston-Pasadena-The Woodlands","2020-02-01","6251","0.11310","1877392815","0.18020","300334","245000","24968","3.24"
"Houston-Pasadena-The Woodlands","2020-01-01","4960","0.15860","1430618531","0.19660","288431","233000","24847","3.25"
"Houston-Pasadena-The Woodlands","2019-12-01","8045","0.16560","2505140284","0.18800","311390","251900","24355","3.21"
"Houston-Pasadena-The Woodlands","2019-11-01","6651","0.02230","1977392240","0.03510","297307","242000","26859","3.58"
"Houston-Pasadena-The Woodlands","2019-10-01","7455","0.06210","2222316472","0.07930","298097","239900","28104","3.76"
"Houston-Pasadena-The Woodlands","2019-09-01","7355","0.09120","2186761667","0.10910","297316","242900","28803","3.87"
"Houston-Pasadena-The Woodlands","2019-08-01","9018","0.03150","2780666183","0.07020","308346","249000","29887","4.04"
"Houston-Pasadena-The Woodlands","2019-07-01","9323","0.10630","2873330025","0.12440","308198","249900","30407","4.13"
"Houston-Pasadena-The Woodlands","2019-06-01","8644","-0.04730","2766668751","-0.01830","320068","251995","30693","4.21"
"Houston-Pasadena-The Woodlands","2019-05-01","9232","0.05670","2941326375","0.11560","318601","249900","29543","4.03"
"Houston-Pasadena-The Woodlands","2019-04-01","8064","0.06920","2483152356","0.09530","307930","245000","27813","3.82"
"Houston-Pasadena-The Woodlands","2019-03-01","7375","0.01820","2187952581","0.04040","296671","240000","26813","3.7"
"Houston-Pasadena-The Woodlands","2019-02-01","5616","-0.00830","1590674624","0.00770","283239","230000","25669","3.55"
"Houston-Pasadena-The Woodlands","2019-01-01","4281","-0.09380","1195592539","-0.06410","279278","223500","25460","3.52"
"Houston-Pasadena-The Woodlands","2018-12-01","6902","-0.04970","2108763862","-0.00090","305529","240000","24864","3.42"
"Houston-Pasadena-The Woodlands","2018-11-01","6506","-0.02330","1910310107","0.02300","293622","235000","27109","3.71"
"Houston-Pasadena-The Woodlands","2018-10-01","7019","0.02380","2059085821","0.06320","293358","233000","27710","3.79"
"Houston-Pasadena-The Woodlands","2018-09-01","6740","-0.08220","1971701734","-0.07250","292537","230000","28314","3.88"
"Houston-Pasadena-The Woodlands","2018-08-01","8743","0.36890","2598230853","0.39480","297178","235775","28854","3.92"
"Houston-Pasadena-The Woodlands","2018-07-01","8427","0.07870","2555424776","0.10570","303242","241295","28773","4.02"
"Houston-Pasadena-The Woodlands","2018-06-01","9073","0.01960","2818367782","0.05270","310632","242000","28121","3.96"
"Houston-Pasadena-The Woodlands","2018-05-01","8737","0.01240","2636478774","0.02530","301760","240990","27280","3.85"
"Houston-Pasadena-The Woodlands","2018-04-01","7542","0.06560","2267082602","0.11750","300594","239000","25031","3.53"
"Houston-Pasadena-The Woodlands","2018-03-01","7243","-0.03820","2103014290","-0.00930","290351","232000","23477","3.33"
"Houston-Pasadena-The Woodlands","2018-02-01","5663","0.04660","1578584764","0.05700","278754","225000","22000","3.11"
"Houston-Pasadena-The Woodlands","2018-01-01","4724","0.07340","1277478787","0.05040","270423","216000","21942","3.11"
"Houston-Pasadena-The Woodlands","2017-12-01","7263","0.03230","2110581389","0.02930","290593","230000","21815","3.11"
"Houston-Pasadena-The Woodlands","2017-11-01","6661","0.08260","1867310987","0.08690","280334","225000","24506","3.5"
"Houston-Pasadena-The Woodlands","2017-10-01","6856","0.07850","1936642096","0.11300","282474","225000","25376","3.65"
"Houston-Pasadena-The Woodlands","2017-09-01","7344","0.03280","2125803845","0.09160","289461","230000","26484","3.83"
"Houston-Pasadena-The Woodlands","2017-08-01","6387","-0.24400","1862828219","-0.22930","291659","230000","28991","4.2"
"Houston-Pasadena-The Woodlands","2017-07-01","7812","0.02750","2311108494","0.05650","295840","228300","29932","4.23"
"Houston-Pasadena-The Woodlands","2017-06-01","8899","0.06600","2677168299","0.08560","300839","237000","28939","4.1"
"Houston-Pasadena-The Woodlands","2017-05-01","8630","0.10010","2571542754","0.14480","297977","233900","27365","3.9"
"Houston-Pasadena-The Woodlands","2017-04-01","7078","0.03010","2028694759","0.07010","286619","226047","25916","3.73"
"Houston-Pasadena-The Woodlands","2017-03-01","7531","0.09960","2122684215","0.15100","281859","225500","24535","3.54"
"Houston-Pasadena-The Woodlands","2017-02-01","5411","0.06540","1493455315","0.12460","276003","220000","22815","3.32"
"Houston-Pasadena-The Woodlands","2017-01-01","4401","0.00960","1216158338","0.08120","276336","208995","22227","3.25"
"Houston-Pasadena-The Woodlands","2016-12-01","7036","0.03520","2050506248","0.08320","291430","225000","22418","3.28"
"Houston-Pasadena-The Woodlands","2016-11-01","6153","0.22300","1717997890","0.31640","279213","222700","23993","3.52"
"Houston-Pasadena-The Woodlands","2016-10-01","6357","0.00730","1739985777","0.02130","273711","215000","24815","3.69"
"Houston-Pasadena-The Woodlands","2016-09-01","7111","-0.01250","1947444521","0.00410","273863","216000","25441","3.79"
"Houston-Pasadena-The Woodlands","2016-08-01","8448","0.08250","2417008662","0.10410","286104","224900","25701","3.82"
"Houston-Pasadena-The Woodlands","2016-07-01","7603","-0.10550","2187445737","-0.11180","287708","229250","25773","3.86"
"Houston-Pasadena-The Woodlands","2016-06-01","8348","-0.00100","2465997540","-0.00600","295399","230000","25194","3.73"
"Houston-Pasadena-The Woodlands","2016-05-01","7845","0.07910","2246320268","0.07720","286337","224900","23682","3.51"
"Houston-Pasadena-The Woodlands","2016-04-01","6871","-0.00790","1895876661","-0.01210","275924","216500","23173","3.46"
"Houston-Pasadena-The Woodlands","2016-03-01","6849","0.03190","1844201683","0.01600","269265","212000","22835","3.4"
"Houston-Pasadena-The Woodlands","2016-02-01","5079","0.02540","1328006898","0.04190","261470","202000","21644","3.24"
"Houston-Pasadena-The Woodlands","2016-01-01","4359","-0.00210","1124824242","-0.00920","258046","200000","20826","3.12"
"Houston-Pasadena-The Woodlands","2015-12-01","6797","-0.03260","1892971701","-0.03730","278501","217250","20074","3.01"
"Houston-Pasadena-The Woodlands","2015-11-01","5031","-0.09010","1305092306","-0.12430","259410","200000","21299","3.18"
"Houston-Pasadena-The Woodlands","2015-10-01","6311","-0.10800","1703734710","-0.07440","269962","204000","21879","3.25"
"Houston-Pasadena-The Woodlands","2015-09-01","7201","0.03250","1939520188","0.04480","269340","207000","22321","3.28"
"Houston-Pasadena-The Woodlands","2015-08-01","7804","-0.02490","2189039157","0.00930","280502","215000","22537","3.32"
"Houston-Pasadena-The Woodlands","2015-07-01","8500","0.03580","2462758227","0.09380","289736","219000","22512","3.31"
"Houston-Pasadena-The Woodlands","2015-06-01","8356","0.01020","2480989547","0.07000","296911","223000","20592","3.04"
"Houston-Pasadena-The Woodlands","2015-05-01","7270","-0.06420","2085246922","-0.02730","286829","220000","19546","2.89"
"Houston-Pasadena-The Woodlands","2015-04-01","6926","-0.00220","1919040643","0.03460","277077","207000","18596","2.73"
"Houston-Pasadena-The Woodlands","2015-03-01","6637","0.02630","1815168988","0.08180","273492","205900","17761","2.61"
"Houston-Pasadena-The Woodlands","2015-02-01","4953","-0.05850","1274606130","-0.01530","257340","197808","17620","2.59"
"Houston-Pasadena-The Woodlands","2015-01-01","4368","0.00880","1135326007","0.09430","259918","190000","16990","2.49"
"Houston-Pasadena-The Woodlands","2014-12-01","7026","0.11540","1966348820","0.19320","279867","209745","15836","2.32"
"Houston-Pasadena-The Woodlands","2014-11-01","5529","-0.00130","1490408547","0.09240","269562","196120","16857","2.49"
"Houston-Pasadena-The Woodlands","2014-10-01","7075","0.09780","1840741019","0.20110","260175","191455","17598","2.6"
"Houston-Pasadena-The Woodlands","2014-09-01","6974","0.05430","1856429923","0.14080","266192","196335","18192","2.71"
"Houston-Pasadena-The Woodlands","2014-08-01","8003","-0.00660","2168877387","0.04420","271008","203500","18636","2.79"
"Houston-Pasadena-The Woodlands","2014-07-01","8206","-0.02020","2251552504","0.04510","274378","201000","18844","2.82"
"Houston-Pasadena-The Woodlands","2014-06-01","8272","0.05510","2318605073","0.12390","280295","211000","18351","2.74"
"Houston-Pasadena-The Woodlands","2014-05-01","7769","-0.06630","2143669865","0.02030","275926","200000","17502","2.63"
"Houston-Pasadena-The Woodlands","2014-04-01","6941","-0.01050","1854949080","0.05770","267245","195000","16643","2.48"
"Houston-Pasadena-The Woodlands","2014-03-01","6467","0.02540","1677941438","0.14000","259462","191143","16471","2.45"
"Houston-Pasadena-The Woodlands","2014-02-01","5261","0.08990","1294419888","0.22360","246040","182325","16234","2.42"
"Houston-Pasadena-The Woodlands","2014-01-01","4330","0.02830","1037489665","0.22510","239605","175500","16492","2.47"
"Houston-Pasadena-The Woodlands","2013-12-01","6299","0.13840","1648019400","0.24680","261631","188900","16467","2.47"
"Houston-Pasadena-The Woodlands","2013-11-01","5536","0.02590","1364386721","0.11130","246457","183000","17953","2.72"
"Houston-Pasadena-The Woodlands","2013-10-01","6445","0.11870","1532594040","0.21000","237795","177000","19137","2.91"
"Houston-Pasadena-The Woodlands","2013-09-01","6615","0.21400","1627348858","0.37860","246008","181000","19839","3.04"
"Houston-Pasadena-The Woodlands","2013-08-01","8056","0.14510","2077163257","0.33260","257840","186900","20001","3.11"
"Houston-Pasadena-The Woodlands","2013-07-01","8375","0.23250","2154456285","0.40150","257248","187750","20130","3.18"
"Houston-Pasadena-The Woodlands","2013-06-01","7840","0.13150","2063043619","0.27700","263143","191950","19641","3.16"
"Houston-Pasadena-The Woodlands","2013-05-01","8321","0.24340","2101032472","0.34820","252497","185000","19159","3.12"
"Houston-Pasadena-The Woodlands","2013-04-01","7015","0.25420","1753708656","0.42650","249994","184000","19240","3.21"
"Houston-Pasadena-The Woodlands","2013-03-01","6307","0.18240","1471824172","0.23510","233363","172600","19543","3.33"
"Houston-Pasadena-The Woodlands","2013-02-01","4827","0.16370","1057848483","0.27250","219152","163000","19930","3.44"
"Houston-Pasadena-The Woodlands","2013-01-01","4211","0.27720","846857559","0.34280","201106","151000","20005","3.49"
"Houston-Pasadena-The Woodlands","2012-12-01","5533","0.12530","1321839990","0.23490","238901","170000","20274","3.58"
"Houston-Pasadena-The Woodlands","2012-11-01","5396","0.27440","1227720783","0.40010","227524","166950","22245","3.96"
"Houston-Pasadena-The Woodlands","2012-10-01","5761","0.31590","1266628711","0.41270","219862","162500","23488","4.26"
"Houston-Pasadena-The Woodlands","2012-09-01","5449","0.08680","1180436319","0.13100","216633","163500","24689","4.57"
"Houston-Pasadena-The Woodlands","2012-08-01","7035","0.17820","1558724076","0.22590","221567","165000","25768","4.8"
"Houston-Pasadena-The Woodlands","2012-07-01","6795","0.24560","1537212220","0.28550","226226","169465","27204","5.16"
"Houston-Pasadena-The Woodlands","2012-06-01","6929","0.13520","1615545863","0.17670","233157","170000","27528","5.33"
"Houston-Pasadena-The Woodlands","2012-05-01","6692","0.23790","1558379406","0.33720","232871","167000","27510","5.4"
"Houston-Pasadena-The Woodlands","2012-04-01","5593","0.08860","1229370916","0.19180","219805","160000","27809","5.58"
"Houston-Pasadena-The Woodlands","2012-03-01","5334","0.06150","1191705024","0.12160","223416","161232","27241","5.5"
"Houston-Pasadena-The Woodlands","2012-02-01","4148","0.15670","831308672","0.10370","200411","149950","27276","5.54"
"Houston-Pasadena-The Woodlands","2012-01-01","3297","0.06050","630645524","0.05080","191278","138000","27326","5.6"
"Houston-Pasadena-The Woodlands","2011-12-01","4917","0.07220","1070440923","0.06350","217702","160000","27427","5.64"
"Houston-Pasadena-The Woodlands","2011-11-01","4234","0.11220","876885404","0.06350","207105","154000","29755","6.15"
"Houston-Pasadena-The Woodlands","2011-10-01","4378","0.10750","896631480","0.11310","204803","150000","31139","6.47"
"Houston-Pasadena-The Woodlands","2011-09-01","5014","0.18670","1043712004","0.16520","208159","155000","32223","6.73"
"Houston-Pasadena-The Woodlands","2011-08-01","5971","0.31260","1271511087","0.30690","212947","158200","33113","7.01"
"Houston-Pasadena-The Woodlands","2011-07-01","5455","0.19180","1195823977","0.18670","219216","158500","34577","7.49"
"Houston-Pasadena-The Woodlands","2011-06-01","6104","0.02920","1372900922","0.05890","224918","160000","35663","7.83"
"Houston-Pasadena-The Woodlands","2011-05-01","5406","-0.11980","1165418975","-0.07510","215578","155000","35919","7.89"
"Houston-Pasadena-The Woodlands","2011-04-01","5138","-0.10710","1031497444","-0.11370","200758","149000","35864","7.75"
"Houston-Pasadena-The Woodlands","2011-03-01","5025","-0.03850","1062506533","-0.02680","211444","148000","35284","7.52"
"Houston-Pasadena-The Woodlands","2011-02-01","3586","0.00360","753228114","0.05470","210046","151000","34244","7.26"
"Houston-Pasadena-The Woodlands","2011-01-01","3109","0.12280","600158495","0.13080","193039","135700","33985","7.19"
"Houston-Pasadena-The Woodlands","2010-12-01","4586","-0.04400","1006530694","-0.02040","219479","158247","33709","7.34"
"Houston-Pasadena-The Woodlands","2010-11-01","3807","-0.22830","824501025","-0.14630","216575","150599","35784","7.76"
"Houston-Pasadena-The Woodlands","2010-10-01","3953","-0.25060","805562105","-0.21810","203785","148996","36876","7.84"
"Houston-Pasadena-The Woodlands","2010-09-01","4225","-0.18150","895704225","-0.14270","212001","153906","37929","7.88"
"Houston-Pasadena-The Woodlands","2010-08-01","4549","-0.14910","972935571","-0.13040","213879","157741","38931","7.96"
"Houston-Pasadena-The Woodlands","2010-07-01","4577","-0.25420","1007690628","-0.24340","220164","158159","39188","7.91"
"Houston-Pasadena-The Woodlands","2010-06-01","5931","0.02120","1296486945","0.01660","218595","157684","38074","7.48"
"Houston-Pasadena-The Woodlands","2010-05-01","6142","0.21220","1260105004","0.18690","205162","153322","35475","6.99"
"Houston-Pasadena-The Woodlands","2010-04-01","5754","0.28490","1163850072","0.35060","202268","152615","33290","6.67"
"Houston-Pasadena-The Woodlands","2010-03-01","5226","0.13440","1091747982","0.23470","208907","152986","33617","6.89"
"Houston-Pasadena-The Woodlands","2010-02-01","3573","-0.02670","714185532","0.08320","199884","147150","31415","6.5"
"Houston-Pasadena-The Woodlands","2010-01-01","2769","-0.08130","530736999","0.06700","191671","142911","30293","6.26"
"Houston-Pasadena-The Woodlands","2009-12-01","4797","-0.00660","1027536588","0.11830","214204","151796","28664","5.9"
"Houston-Pasadena-The Woodlands","2009-11-01","4933","0.36310","965807405","0.43520","195785","150804","30095","6.19"
"Houston-Pasadena-The Woodlands","2009-10-01","5275","0.15450","1030254975","0.17310","195309","148176","30088","6.33"
"Houston-Pasadena-The Woodlands","2009-09-01","5162","0.30820","1044830096","0.27440","202408","155750","30291","6.46"
"Houston-Pasadena-The Woodlands","2009-08-01","5346","-0.11830","1118869686","-0.16960","209291","159791","30824","6.71"
"Houston-Pasadena-The Woodlands","2009-07-01","6137","-0.05830","1331857877","-0.07890","217021","162469","31363","6.74"
"Houston-Pasadena-The Woodlands","2009-06-01","5808","-0.14200","1275285792","-0.16600","219574","164450","30964","6.61"
"Houston-Pasadena-The Woodlands","2009-05-01","5067","-0.22920","1061703711","-0.24040","209533","156706","30362","6.38"
"Houston-Pasadena-The Woodlands","2009-04-01","4478","-0.23690","861755276","-0.28350","192442","149744","30485","6.24"
"Houston-Pasadena-The Woodlands","2009-03-01","4607","-0.18130","884235331","-0.22970","191933","146019","31181","6.23"
"Houston-Pasadena-The Woodlands","2009-02-01","3671","-0.24870","659307929","-0.33420","179599","138231","30714","6.04"
"Houston-Pasadena-The Woodlands","2009-01-01","3014","-0.23480","497430560","-0.33430","165040","131219","30367","5.85"
"Houston-Pasadena-The Woodlands","2008-12-01","4829","-0.12490","918842804","-0.22230","190276","145652","30349","5.76"
"Houston-Pasadena-The Woodlands","2008-11-01","3619","-0.32380","672956669","-0.37300","185951","137702","33227","6.24"
"Houston-Pasadena-The Woodlands","2008-10-01","4569","-0.19470","878239473","-0.21340","192217","142337","35056","6.41"
"Houston-Pasadena-The Woodlands","2008-09-01","3946","-0.27130","819844636","-0.24890","207766","156057","36381","6.54"
"Houston-Pasadena-The Woodlands","2008-08-01","6063","-0.20440","1347374427","-0.16630","222229","159791","37973","6.68"
"Houston-Pasadena-The Woodlands","2008-07-01","6517","-0.11030","1445985443","-0.05190","221879","161032","39822","6.85"
"Houston-Pasadena-The Woodlands","2008-06-01","6769","-0.12160","1529110331","-0.08370","225899","161067","40261","6.85"
"Houston-Pasadena-The Woodlands","2008-05-01","6574","-0.14450","1397803324","-0.14020","212626","156706","40104","6.73"
"Houston-Pasadena-The Woodlands","2008-04-01","5868","-0.11160","1202675940","-0.10480","204955","151077","39999","6.61"
"Houston-Pasadena-The Woodlands","2008-03-01","5627","-0.14370","1147969897","-0.14370","204011","152473","39679","6.49"
"Houston-Pasadena-The Woodlands","2008-02-01","4886","-0.08860","990216304","-0.05170","202664","151763","38881","6.28"
"Houston-Pasadena-The Woodlands","2008-01-01","3939","-0.12580","747212544","-0.07520","189696","140039","38564","6.19"
"Houston-Pasadena-The Woodlands","2007-12-01","5518","-0.16970","1181519678","-0.13370","214121","155380","37869","6.03"
"Houston-Pasadena-The Woodlands","2007-11-01","5352","-0.07360","1073316840","-0.03300","200545","149371","39853","6.25"
"Houston-Pasadena-The Woodlands","2007-10-01","5674","-0.07200","1116444610","-0.02540","196765","147049","41126","6.42"
"Houston-Pasadena-The Woodlands","2007-09-01","5415","-0.16060","1091458230","-0.14060","201562","150525","41837","6.49"
"Houston-Pasadena-The Woodlands","2007-08-01","7621","0.00580","1616132123","0.07710","212063","158151","41907","6.42"
"Houston-Pasadena-The Woodlands","2007-07-01","7325","0.00960","1525204175","0.03830","208219","155799","41717","6.39"
"Houston-Pasadena-The Woodlands","2007-06-01","7706","-0.07900","1668749712","-0.05000","216552","159837","41563","6.37"
"Houston-Pasadena-The Woodlands","2007-05-01","7684","-0.01440","1625734616","0.03880","211574","155065","40654","6.18"
"Houston-Pasadena-The Woodlands","2007-04-01","6605","0.04790","1343529655","0.10660","203411","150052","39266","5.96"
"Houston-Pasadena-The Woodlands","2007-03-01","6571","-0.07800","1340608849","-0.01350","204019","152166","37317","5.69"
"Houston-Pasadena-The Woodlands","2007-02-01","5361","0.04000","1044220941","0.06390","194781","147867","35192","5.33"
"Houston-Pasadena-The Woodlands","2007-01-01","4506","0.12710","807961848","0.14090","179308","142091","34553","5.24"
"Houston-Pasadena-The Woodlands","2006-12-01","6646","0.05540","1363825660","0.11080","205210","153127","33679","5.14"
"Houston-Pasadena-The Woodlands","2006-11-01","5777","0.12350","1109911902","0.12890","192126","147221","35743","5.48"
"Houston-Pasadena-The Woodlands","2006-10-01","6114","0.07960","1145537382","0.08500","187363","145410","36428","5.63"
"Houston-Pasadena-The Woodlands","2006-09-01","6451","0.18780","1269995468","0.24390","196868","150013","36441","5.67"
"Houston-Pasadena-The Woodlands","2006-08-01","7577","0.05210","1500443002","0.10950","198026","152105","36346","5.73"
"Houston-Pasadena-The Woodlands","2006-07-01","7255","0.04010","1468956125","0.10680","202475","155902","36018","5.71"
"Houston-Pasadena-The Woodlands","2006-06-01","8367","0.15570","1756584714","0.26800","209942","156044","35029","5.57"
"Houston-Pasadena-The Woodlands","2006-05-01","7796","0.12270","1565085980","0.20780","200755","151989","34139","5.51"
"Houston-Pasadena-The Woodlands","2006-04-01","6303","0.05210","1214146890","0.09940","192630","145950","33522","5.47"
"Houston-Pasadena-The Woodlands","2006-03-01","7127","0.22580","1359011995","0.31200","190685","142741","33097","5.43"
"Houston-Pasadena-The Woodlands","2006-02-01","5155","0.16660","981548085","0.25980","190407","143152","32099","5.36"
"Houston-Pasadena-The Woodlands","2006-01-01","3998","0.14360","708149748","0.18610","177126","138091","31927","5.39"
"Houston-Pasadena-The Woodlands","2005-12-01","6297","0.09570","1227795357","0.16240","194981","148212","30863","5.24"
"Houston-Pasadena-The Woodlands","2005-11-01","5142","0.09330","983201820","0.19700","191210","144765","33029","5.66"
"Houston-Pasadena-The Woodlands","2005-10-01","5663","0.11370","1055781405","0.20910","186435","141927","34134","5.88"
"Houston-Pasadena-The Woodlands","2005-09-01","5431","0.01100","1020989983","0.06590","187993","144584","34650","6.02"
"Houston-Pasadena-The Woodlands","2005-08-01","7202","0.15510","1352305136","0.24110","187768","143908","35853","6.24"
"Houston-Pasadena-The Woodlands","2005-07-01","6975","0.10120","1327189050","0.18100","190278","145025","36238","6.39"
"Houston-Pasadena-The Woodlands","2005-06-01","7240","0.06170","1385294360","0.09020","191339","145384","36227","6.45"
"Houston-Pasadena-The Woodlands","2005-05-01","6944","0.18440","1295854560","0.20650","186615","142761","35863","6.43"
"Houston-Pasadena-The Woodlands","2005-04-01","5991","0.04660","1104339003","0.08970","184333","137132","35188","6.41"
"Houston-Pasadena-The Woodlands","2005-03-01","5814","0.04740","1035833868","0.10410","178162","136492","34094","6.24"
"Houston-Pasadena-The Woodlands","2005-02-01","4419","0.05420","779127147","0.10100","176313","136385","33160","6.09"
"Houston-Pasadena-The Woodlands","2005-01-01","3496","0.04730","597064360","0.11840","170785","132142","32487","5.99"
"Houston-Pasadena-The Woodlands","2004-12-01","5747","0.08110","1056275612","0.09180","183796","138074","31008","5.73"
"Houston-Pasadena-The Woodlands","2004-11-01","4703","0.21090","821360138","0.21580","174646","131868","33071","6.15"
"Houston-Pasadena-The Woodlands","2004-10-01","5085","0.01940","873186030","0.02270","171718","132092","34131","6.43"
"Houston-Pasadena-The Woodlands","2004-09-01","5372","0.03810","957886692","0.08340","178311","134237","34241","6.46"
"Houston-Pasadena-The Woodlands","2004-08-01","6235","0.08040","1089616130","0.08850","174758","136222","34251","6.48"
"Houston-Pasadena-The Woodlands","2004-07-01","6334","0.06580","1123752944","0.03030","177416","136406","34307","6.54"
"Houston-Pasadena-The Woodlands","2004-06-01","6819","0.17490","1270707012","0.23630","186348","141899","33777","6.48"
"Houston-Pasadena-The Woodlands","2004-05-01","5863","0.04320","1074084011","0.12410","183197","137327","33324","6.5"
"Houston-Pasadena-The Woodlands","2004-04-01","5724","0.20330","1013439924","0.27150","177051","134671","32448","6.35"
"Houston-Pasadena-The Woodlands","2004-03-01","5551","0.21280","938141204","0.23300","169004","130653","31345","6.23"
"Houston-Pasadena-The Woodlands","2004-02-01","4192","0.12360","707672480","0.19870","168815","130747","29729","6.01"
"Houston-Pasadena-The Woodlands","2004-01-01","3338","0.00060","533846340","0.01680","159930","124654","29191","5.95"
"Houston-Pasadena-The Woodlands","2003-12-01","5316","0.16020","967442892","0.17000","181987","135002","27536","5.61"
"Houston-Pasadena-The Woodlands","2003-11-01","3884","0.03550","675567424","0.09040","173936","130128","29663","6.12"
"Houston-Pasadena-The Woodlands","2003-10-01","4988","0.14330","853830876","0.19220","171177","128506","30200","6.24"
"Houston-Pasadena-The Woodlands","2003-09-01","5175","0.18100","884128050","0.19610","170846","132803","30373","6.35"
"Houston-Pasadena-The Woodlands","2003-08-01","5771","0.13450","1001008805","0.17640","173455","137247","29956","6.35"
"Houston-Pasadena-The Woodlands","2003-07-01","5943","0.09110","1090689075","0.16060","183525","142152","30123","6.46"
"Houston-Pasadena-The Woodlands","2003-06-01","5804","0.09570","1027865184","0.10270","177096","138722","29524","6.39"
"Houston-Pasadena-The Woodlands","2003-05-01","5620","0.02630","955501160","0.02930","170018","131996","28367","6.2"
"Houston-Pasadena-The Woodlands","2003-04-01","4757","-0.02840","797016322","-0.03220","167546","132210","27514","6.03"
"Houston-Pasadena-The Woodlands","2003-03-01","4577","0.01960","760866749","0.01110","166237","129526","26885","5.87"
"Houston-Pasadena-The Woodlands","2003-02-01","3731","-0.00690","590344937","-0.00420","158227","128081","26128","5.72"
"Houston-Pasadena-The Woodlands","2003-01-01","3336","0.00270","525033024","0.06270","157384","127013","25681","5.62"
"Houston-Pasadena-The Woodlands","2002-12-01","4582","0.10170","826849392","0.20160","180456","136845","24203","5.29"
"Houston-Pasadena-The Woodlands","2002-11-01","3751","0.00190","619552670","0.07990","165170","130435","25193","5.55"
"Houston-Pasadena-The Woodlands","2002-10-01","4363","0.10120","716168998","0.19740","164146","127175","25514","5.63"
"Houston-Pasadena-The Woodlands","2002-09-01","4382","0.11590","739177670","0.21280","168685","131266","25181","5.59"
"Houston-Pasadena-The Woodlands","2002-08-01","5087","-0.05390","850897403","-0.00790","167269","131099","24953","5.59"
"Houston-Pasadena-The Woodlands","2002-07-01","5447","0.03540","939798145","0.07100","172535","132404","24310","5.42"
"Houston-Pasadena-The Woodlands","2002-06-01","5297","-0.00680","932118387","0.05530","175971","133597","23296","5.21"
"Houston-Pasadena-The Woodlands","2002-05-01","5476","0.03930","928258664","0.11850","169514","130458","22089","4.94"
"Houston-Pasadena-The Woodlands","2002-04-01","4896","0.07490","823565952","0.13300","168212","128313","21186","4.75"
"Houston-Pasadena-The Woodlands","2002-03-01","4489","-0.01280","752504537","0.05020","167633","127682","20230","4.57"
"Houston-Pasadena-The Woodlands","2002-02-01","3757","0.10830","592835815","0.13680","157795","125006","19773","4.46"
"Houston-Pasadena-The Woodlands","2002-01-01","3327","0.23040","494076135","0.24060","148505","119321","19529","4.43"
"Houston-Pasadena-The Woodlands","2001-12-01","4159","0.08620","688098232","0.12230","165448","128346","18653","4.29"
"Houston-Pasadena-The Woodlands","2001-11-01","3744","0.03510","573734304","0.03720","153241","120200","19829","4.58"
"Houston-Pasadena-The Woodlands","2001-10-01","3962","0.00410","598103520","-0.00570","150960","116930","20627","4.78"
"Houston-Pasadena-The Woodlands","2001-09-01","3927","-0.05030","609470400","-0.06460","155200","119587","20568","4.77"
"Houston-Pasadena-The Woodlands","2001-08-01","5377","0.07990","857647631","0.10600","159503","124233","20509","4.74"
"Houston-Pasadena-The Woodlands","2001-07-01","5261","0.08300","877503234","0.17590","166794","127787","20429","4.75"
"Houston-Pasadena-The Woodlands","2001-06-01","5333","-0.02740","883283458","0.02700","165626","127651","20533","4.82"
"Houston-Pasadena-The Woodlands","2001-05-01","5269","0.04230","829946535","0.05890","157515","122563","20350","4.76"
"Houston-Pasadena-The Woodlands","2001-04-01","4555","0.07630","726918785","0.15680","159587","122366","19941","4.68"
"Houston-Pasadena-The Woodlands","2001-03-01","4547","-0.00940","716557183","0.04440","157589","116106","19115","4.52"
"Houston-Pasadena-The Woodlands","2001-02-01","3390","-0.05200","521493870","0.00600","153833","114242","18249","4.31"
"Houston-Pasadena-The Woodlands","2001-01-01","2704","0.05130","398247824","0.08040","147281","111731","17714","4.17"
"Houston-Pasadena-The Woodlands","2000-12-01","3829","-0.04590","613099480","0.07040","160120","119130","16907","3.99"
"Houston-Pasadena-The Woodlands","2000-11-01","3617","0.00700","553147810","0.12490","152930","114878","17808","4.19"
"Houston-Pasadena-The Woodlands","2000-10-01","3946","0.01600","601512456","0.18630","152436","112115","18374","4.32"
"Houston-Pasadena-The Woodlands","2000-09-01","4135","0.01220","651576760","0.16300","157576","115695","18179","4.28"
"Houston-Pasadena-The Woodlands","2000-08-01","4979","0.00360","775474271","0.11680","155749","114396","18154","4.28"
"Houston-Pasadena-The Woodlands","2000-07-01","4858","-0.04730","746271386","0.03960","153617","118346","18010","4.25"
"Houston-Pasadena-The Woodlands","2000-06-01","5483","0.00490","860046931","0.07980","156857","117811","17575","4.12"
"Houston-Pasadena-The Woodlands","2000-05-01","5055","0.10540","783782805","0.23380","155051","112514","17073","4.01"
"Houston-Pasadena-The Woodlands","2000-04-01","4232","-0.01470","628384288","0.09790","148484","110574","16323","3.87"
"Houston-Pasadena-The Woodlands","2000-03-01","4590","0.06200","686067300","0.21290","149470","109139","15660","3.71"
"Houston-Pasadena-The Woodlands","2000-02-01","3576","0.13920","518373384","0.29750","144959","110038","15534","3.7"
"Houston-Pasadena-The Woodlands","2000-01-01","2572","0.04720","368608752","0.26850","143316","102090","15367","3.69"
"Houston-Pasadena-The Woodlands","1999-12-01","4013","-0.00640","572755425","0.09710","142725","102336","14742","3.55"
"Houston-Pasadena-The Woodlands","1999-11-01","3592","0.05370","491741208","0.15970","136899","100650","15485","3.72"
"Houston-Pasadena-The Woodlands","1999-10-01","3884","0.07830","507063968","0.10930","130552","97772","15958","3.85"
"Houston-Pasadena-The Woodlands","1999-09-01","4085","0.05390","560241410","0.15450","137146","101148","15810","3.84"
"Houston-Pasadena-The Woodlands","1999-08-01","4961","0.07640","694376287","0.18700","139967","101177","15733","3.84"
"Houston-Pasadena-The Woodlands","1999-07-01","5099","0.00590","717832121","0.05790","140779","105931","15543","3.82"
"Houston-Pasadena-The Woodlands","1999-06-01","5456","0.07470","796494160","0.17300","145985","107254","14972","3.68"
"Houston-Pasadena-The Woodlands","1999-05-01","4573","0.04030","635272014","0.10310","138918","104414","14430","3.57"
"Houston-Pasadena-The Woodlands","1999-04-01","4295","0.07890","572334520","0.17910","133256","98885","14100","3.5"
"Houston-Pasadena-The Woodlands","1999-03-01","4322","0.08020","565650394","0.14630","130877","97768","14032","3.51"
"Houston-Pasadena-The Woodlands","1999-02-01","3139","0.05190","399531920","0.11960","127280","95276","13938","3.51"
"Houston-Pasadena-The Woodlands","1999-01-01","2456","0.09250","290581640","0.12720","118315","89474","13842","3.5"
"Houston-Pasadena-The Woodlands","1998-12-01","4039","0.12230","522085179","0.16470","129261","95884","13590","3.45"
"Houston-Pasadena-The Woodlands","1998-11-01","3409","0.21230","424018238","0.29050","124382","92360","14404","3.69"
"Houston-Pasadena-The Woodlands","1998-10-01","3602","0.01550","457111810","0.09690","126905","93264","15246","3.96"
"Houston-Pasadena-The Woodlands","1998-09-01","3876","0.10270","485271324","0.14590","125199","92030","15507","4.03"
"Houston-Pasadena-The Woodlands","1998-08-01","4609","0.17280","584960453","0.19400","126917","97180","16106","4.22"
"Houston-Pasadena-The Woodlands","1998-07-01","5069","0.23090","678536340","0.32930","133860","97722","16485","4.38"
"Houston-Pasadena-The Woodlands","1998-06-01","5077","0.30350","679038596","0.42020","133748","98848","16530","4.49"
"Houston-Pasadena-The Woodlands","1998-05-01","4396","0.19170","575880396","0.32530","131001","94571","16598","4.63"
"Houston-Pasadena-The Woodlands","1998-04-01","3981","0.27110","485403330","0.35760","121930","91194","16754","4.75"
"Houston-Pasadena-The Woodlands","1998-03-01","4001","0.38160","493467336","0.49750","123336","91622","17039","4.93"
"Houston-Pasadena-The Woodlands","1998-02-01","2984","0.27960","356853576","0.37340","119589","90355","16951","5.04"
"Houston-Pasadena-The Woodlands","1998-01-01","2248","0.14110","257793896","0.12980","114677","86090","17113","5.17"
"Houston-Pasadena-The Woodlands","1997-12-01","3599","0.21830","448273445","0.26880","124555","92505","17616","5.36"
"Houston-Pasadena-The Woodlands","1997-11-01","2812","0.09460","328573764","0.17830","116847","85707","18624","5.76"
"Houston-Pasadena-The Woodlands","1997-10-01","3547","0.23290","416729936","0.30600","117488","87630","18762","5.84"
"Houston-Pasadena-The Woodlands","1997-09-01","3515","0.23460","423501260","0.34390","120484","89059","19690","6.24"
"Houston-Pasadena-The Woodlands","1997-08-01","3930","0.07320","489925590","0.19130","124663","90520","20589","6.64"
"Houston-Pasadena-The Woodlands","1997-07-01","4118","0.12300","510438454","0.23470","123953","91155","21275","6.91"
"Houston-Pasadena-The Woodlands","1997-06-01","3895","0.17990","478130725","0.26530","122755","91571","21542","7.08"
"Houston-Pasadena-The Woodlands","1997-05-01","3689","0.02840","434542066","0.07740","117794","87907","21893","7.32"
"Houston-Pasadena-The Woodlands","1997-04-01","3132","0.00800","357536592","0.05300","114156","84016","21647","7.26"
"Houston-Pasadena-The Woodlands","1997-03-01","2896","-0.04420","329532944","0.01760","113789","85270","21307","7.15"
"Houston-Pasadena-The Woodlands","1997-02-01","2332","0.00520","259826776","0.04310","111418","84409","20605","6.89"
"Houston-Pasadena-The Woodlands","1997-01-01","1970","0.06780","228173280","0.24890","115824","83525","20202","6.75"
"Houston-Pasadena-The Woodlands","1996-12-01","2954","0.12660","353304308","0.24940","119602","87385","19796","6.64"
"Houston-Pasadena-The Woodlands","1996-11-01","2569","0.01260","278849536","0.09320","108544","80384","21484","7.28"
"Houston-Pasadena-The Woodlands","1996-10-01","2877","0.04620","319090947","0.12260","110911","80868","22324","7.57"
"Houston-Pasadena-The Woodlands","1996-09-01","2847","0.00180","315128736","0.09180","110688","81786","22784","7.75"
"Houston-Pasadena-The Woodlands","1996-08-01","3662","0.00550","411268234","0.04360","112307","83449","23317","7.93"
"Houston-Pasadena-The Woodlands","1996-07-01","3667","0.11870","413406579","0.23020","112737","84793","24139","8.22"
"Houston-Pasadena-The Woodlands","1996-06-01","3301","-0.01080","377865470","0.05660","114470","83063","24031","8.27"
"Houston-Pasadena-The Woodlands","1996-05-01","3587","0.13550","403315106","0.26700","112438","82370","23924","8.23"
"Houston-Pasadena-The Woodlands","1996-04-01","3107","0.37230","339539174","0.47550","109282","81555","23551","8.2"
"Houston-Pasadena-The Woodlands","1996-03-01","3030","0.21100","323834280","0.25960","106876","80353","22897","8.17"
"Houston-Pasadena-The Woodlands","1996-02-01","2320","0.24730","249089120","0.31040","107366","79591","22252","8.07"
"Houston-Pasadena-The Woodlands","1996-01-01","1845","0.17590","182693745","0.11540","99021","75730","21526","7.91"
"Houston-Pasadena-The Woodlands","1995-12-01","2622","0.07200","282785322","0.09050","107851","78783","20557","7.62"
"Houston-Pasadena-The Woodlands","1995-11-01","2537","0.10980","255069980","0.14600","100540","78133","22005","8.2"
"Houston-Pasadena-The Woodlands","1995-10-01","2750","0.18080","284248250","0.24750","103363","75541","22761","8.55"
"Houston-Pasadena-The Woodlands","1995-09-01","2842","0.09180","288644888","0.08770","101564","77176","23198","8.83"
"Houston-Pasadena-The Woodlands","1995-08-01","3642","0.16170","394097178","0.14490","108209","81809","23692","9.09"
"Houston-Pasadena-The Woodlands","1995-07-01","3278","0.12840","336037614","0.11460","102513","78636","24420","9.52"
"Houston-Pasadena-The Woodlands","1995-06-01","3337","0.00360","357616279","-0.01360","107167","78758","24495","9.67"
"Houston-Pasadena-The Woodlands","1995-05-01","3159","0.01970","318319794","-0.00120","100766","73757","24610","9.72"
"Houston-Pasadena-The Woodlands","1995-04-01","2264","-0.19460","230119752","-0.20650","101643","75506","24539","9.71"
"Houston-Pasadena-The Woodlands","1995-03-01","2502","-0.09680","257093010","-0.10460","102755","75026","24291","9.44"
"Houston-Pasadena-The Woodlands","1995-02-01","1860","-0.04860","190084560","-0.06690","102196","74055","23559","9.08"
"Houston-Pasadena-The Woodlands","1995-01-01","1569","-0.08300","163795755","-0.08340","104395","74705","22639","8.7"
"Houston-Pasadena-The Woodlands","1994-12-01","2446","-0.10990","259310244","-0.13070","106014","75302","21519","8.23"
"Houston-Pasadena-The Woodlands","1994-11-01","2286","-0.04870","222569532","-0.10020","97362","72912","23134","8.76"
"Houston-Pasadena-The Woodlands","1994-10-01","2329","-0.08420","227860044","-0.13780","97836","74004","24561","9.27"
"Houston-Pasadena-The Woodlands","1994-09-01","2603","0.01240","265360232","-0.00060","101944","75639","25495","9.56"
"Houston-Pasadena-The Woodlands","1994-08-01","3135","0.01750","344219865","0.06290","109799","79248","25837","9.7"
"Houston-Pasadena-The Woodlands","1994-07-01","2905","-0.04030","301495425","-0.07700","103785","79354","26186","9.84"
"Houston-Pasadena-The Woodlands","1994-06-01","3325","0.07290","362561325","0.07930","109041","80091","26034","9.75"
"Houston-Pasadena-The Woodlands","1994-05-01","3098","0.21920","318688162","0.17570","102869","78781","26011","9.81"
"Houston-Pasadena-The Woodlands","1994-04-01","2811","0.21640","289994004","0.24600","103164","78069","25254","9.69"
"Houston-Pasadena-The Woodlands","1994-03-01","2770","0.30050","287129890","0.30300","103657","76870","24843","9.69"
"Houston-Pasadena-The Woodlands","1994-02-01","1955","0.04550","203709045","0.10060","104199","76823","23947","9.54"
"Houston-Pasadena-The Woodlands","1994-01-01","1711","0.13240","178705395","0.19350","104445","74089","23412","9.35"
"Houston-Pasadena-The Woodlands","1993-12-01","2748","0.15710","298287156","0.34890","108547","77964","22018","8.86"
"Houston-Pasadena-The Woodlands","1993-11-01","2403","0.04890","247352805","0.24670","102935","79258","24011","9.78"
"Houston-Pasadena-The Woodlands","1993-10-01","2543","0.19900","264273646","0.28310","103922","78922","24822","10.15"
"Houston-Pasadena-The Woodlands","1993-09-01","2571","0.00160","265514883","0.07120","103273","78098","25050","10.39"
"Houston-Pasadena-The Woodlands","1993-08-01","3081","0.03980","323862396","0.12360","105116","79862","25903","10.75"
"Houston-Pasadena-The Woodlands","1993-07-01","3027","0.02230","326664759","0.15000","107917","81099","26233","10.93"
"Houston-Pasadena-The Woodlands","1993-06-01","3099","0.05190","335937798","0.15150","108402","80501","26293","10.98"
"Houston-Pasadena-The Woodlands","1993-05-01","2541","-0.10050","271071339","-0.00390","106679","80422","26685","11.2"
"Houston-Pasadena-The Woodlands","1993-04-01","2311","-0.05520","232740810","-0.05150","100710","77146","27189","11.3"
"Houston-Pasadena-The Woodlands","1993-03-01","2130","-0.12270","220359150","-0.11110","103455","78611","26141","10.81"
"Houston-Pasadena-The Woodlands","1993-02-01","1870","0.11110","185096340","0.00600","98982","76925","25677","10.51"
"Houston-Pasadena-The Woodlands","1993-01-01","1511","-0.02450","149726501","0.10210","99091","73371","25149","10.36"
"Houston-Pasadena-The Woodlands","1992-12-01","2375","-0.00080","221126750","-0.02040","93106","79500","22151","9.12"
"Houston-Pasadena-The Woodlands","1992-11-01","2291","-0.15300","198398309","0.06800","86599","81305","24166","9.95"
"Houston-Pasadena-The Woodlands","1992-10-01","2121","-0.14820","205959705","-0.10520","97105","78000","25173","10.22"
"Houston-Pasadena-The Woodlands","1992-09-01","2567","-0.03640","247877221","0.05680","96563","80967","26032","10.43"
"Houston-Pasadena-The Woodlands","1992-08-01","2963","-0.10130","288237677","-0.06870","97279","75149","26448","10.57"
"Houston-Pasadena-The Woodlands","1992-07-01","2961","-0.05400","284063535","-0.06880","95935","76994","27345","10.8"
"Houston-Pasadena-The Woodlands","1992-06-01","2946","-0.07710","291745326","-0.03900","99031","70353","26859","10.55"
"Houston-Pasadena-The Woodlands","1992-05-01","2825","-0.12840","272143550","-0.10550","96334","81345","26625","10.38"
"Houston-Pasadena-The Woodlands","1992-04-01","2446","-0.07630","245387612","0.04440","100322","76839","25986","9.99"
"Houston-Pasadena-The Woodlands","1992-03-01","2428","0.10460","247903656","0.21170","102102","77177","24833","9.49"
"Houston-Pasadena-The Woodlands","1992-02-01","1683","-0.13560","183990609","0.23050","109323","73644","23689","9.12"
"Houston-Pasadena-The Woodlands","1992-01-01","1549","-0.03430","135855045","-0.02920","87705","74602","22765","8.69"
"Houston-Pasadena-The Woodlands","1991-12-01","2377","0.06780","225734182","0.16040","94966","72127","20105","7.66"
"Houston-Pasadena-The Woodlands","1991-11-01","2705","0.07810","185765875","-0.13560","68675","64827","22687","8.69"
"Houston-Pasadena-The Woodlands","1991-10-01","2490","-0.11510","230175600","-0.03020","92440","70828","23645","9.11"
"Houston-Pasadena-The Woodlands","1991-09-01","2664","0.02580","234543888","0.07600","88042","79020","24263","9.25"
"Houston-Pasadena-The Woodlands","1991-08-01","3297","-0.09370","309492687","-0.08420","93871","66746","24418","9.33"
"Houston-Pasadena-The Woodlands","1991-07-01","3130","-0.00030","305046670","0.06780","97459","76584","24738","9.35"
"Houston-Pasadena-The Woodlands","1991-06-01","3192","-0.00650","303594312","0.02370","95111","74248","25487","9.63"
"Houston-Pasadena-The Woodlands","1991-05-01","3241","0.07780","304252116","0.17720","93876","77038","24522","9.26"
"Houston-Pasadena-The Woodlands","1991-04-01","2648","0.08480","234954392","0.06000","88729","67508","23869","9.08"
"Houston-Pasadena-The Woodlands","1991-03-01","2198","-0.14210","204596434","-0.07180","93083","72157","22916","8.78"
"Houston-Pasadena-The Woodlands","1991-02-01","1947","0.00310","149523759","-0.12980","76797","64110","22194","8.4"
"Houston-Pasadena-The Woodlands","1991-01-01","1604","-0.36040","139940980","-0.34860","87245","66602","21208","8.03"
"Houston-Pasadena-The Woodlands","1990-12-01","2226","0.00000","194525688","0.00000","87388","65369","21980","8.09"
"Houston-Pasadena-The Woodlands","1990-11-01","2509","0.00000","214918431","0.00000","85659","45379","22470","8.14"
"Houston-Pasadena-The Woodlands","1990-10-01","2814","0.00000","237355272","0.00000","84348","65194","23232","8.34"
"Houston-Pasadena-The Woodlands","1990-09-01","2597","0.00000","217986986","0.00000","83938","64678","23544","8.46"
"Houston-Pasadena-The Woodlands","1990-08-01","3638","0.00000","337930182","0.00000","92889","69205","24445","8.71"
"Houston-Pasadena-The Woodlands","1990-07-01","3131","0.00000","285675571","0.00000","91241","69606","25324","9.43"
"Houston-Pasadena-The Woodlands","1990-06-01","3213","0.00000","296559900","0.00000","92300","70353","25193","9.65"
"Houston-Pasadena-The Woodlands","1990-05-01","3007","0.00000","258445636","0.00000","85948","65862","25562","10.26"
"Houston-Pasadena-The Woodlands","1990-04-01","2441","0.00000","221652564","0.00000","90804","66892","24877","10.53"
"Houston-Pasadena-The Woodlands","1990-03-01","2562","0.00000","220413984","0.00000","86032","66933","24412","10.45"
"Houston-Pasadena-The Woodlands","1990-02-01","1941","0.00000","171827025","0.00000","88525","66161","23349","10.5"
"Houston-Pasadena-The Woodlands","1990-01-01","2508","0.00000","214832772","0.00000","85659","45473","22470","8.96"